site,events_count,total_days_impact,avg_days_impact,total_cost_impact,delay_like_events,delay_event_rate
GF Berlin,5,13.0,3.25,136000.0,3,0.6
GF Nevada,6,10.0,2.0,103000.0,3,0.5
GF Texas,4,7.5,2.5,63000.0,2,0.5
Nevada,2,7.0,3.5,57000.0,2,1.0
Berlin,3,6.0,2.0,56000.0,2,0.6666666666666666
Mexico,2,1.0,0.5,52000.0,0,0.0
GF Mexico,5,5.0,1.25,47000.0,4,0.8
Texas,3,5.0,2.5,47000.0,2,0.6666666666666666
Shanghai,2,0.5,0.25,45000.0,0,0.0
GF Shanghai,4,5.5,1.8333333333333333,42200.0,3,0.75
