site,events_count,total_days_impact,avg_days_impact,total_cost_impact,delay_like_events,delay_event_rate
Berlin,8,19.0,2.7142857142857144,192000.0,5,0.625
Nevada,8,17.0,2.4285714285714284,160000.0,5,0.625
Texas,7,12.5,2.5,110000.0,4,0.5714285714285714
Mexico,7,6.0,1.0,99000.0,4,0.5714285714285714
Shanghai,6,6.0,1.2,87200.0,3,0.5
