site,problem_score,site_family
GF Berlin,2.1585310549687065,Berlin
Berlin,1.8430868178814284,Berlin
GF Nevada,1.6805189759328427,Nevada
Nevada,1.1797043656310828,Nevada
GF Mexico,1.0144170691256422,Mexico
GF Texas,1.0091288968478358,Texas
Texas,0.9066438737076266,Texas
Mexico,0.6224550671149421,Mexico
GF Shanghai,0.44696524233035406,Shanghai
Shanghai,0.3752043497299664,Shanghai
