site,problem_score,site_family
Berlin,3.064648895013604,Berlin
Nevada,2.5231345212144918,Nevada
Texas,2.1455470235267633,Texas
Shanghai,1.1191734542303544,Shanghai
Mexico,1.03670922559649,Mexico
Unknown,0.0,Unknown
