site,problem_score
Berlin,2.9494146376499315
GF Berlin,2.49186438830204
Nevada,2.2328682755153344
GF Nevada,2.1467620839768053
GF Texas,2.080330561871387
Texas,1.3163273001508293
GF Shanghai,1.1136319089970206
GF Mexico,0.9843298014438955
Shanghai,0.7085376830632997
Mexico,0.668024132730015
